https://www.youtube.com/watch?v=vB2ZW9Ohth4,expiry
https://www.youtube.com/watch?v=fEHDyf9sn9o,free
https://www.youtube.com/watch?v=e1DRxLdq3hc,free
https://www.youtube.com/watch?v=pq3yjke2Zqg,free
https://www.youtube.com/watch?v=rOtiX-H0NcU,free
https://www.youtube.com/watch?v=vqYGCkPkNlE,free
https://www.youtube.com/watch?v=h89MDtVpsmY,free
https://www.youtube.com/watch?v=97OWjjj508c,free
https://www.youtube.com/watch?v=q4lQwmuOWh4,free
https://www.youtube.com/watch?v=UW-Uco6TxgY,free
https://www.youtube.com/watch?v=paq3gVA_1T0,free
https://www.youtube.com/watch?v=3nesJcSJaDg&pp=0gcJCcEJAYcqIYzv,free
https://www.youtube.com/watch?v=YX4Khzt58NA,free
https://www.youtube.com/watch?v=4VG6ZQfsoOw,free
https://www.youtube.com/watch?v=ZvOgfYSFaN0,free
https://www.youtube.com/watch?v=PtzefuBdFmI,free
https://www.youtube.com/watch?v=BIXPeFm7W7M&pp=0gcJCcEJAYcqIYzv,free
https://www.youtube.com/watch?v=Xw0k2pNHTnU,free
https://www.youtube.com/watch?v=c0Lsq-kbuxg,free
https://www.youtube.com/watch?v=skCX6FU4Lts,free
https://www.youtube.com/watch?v=wPKobuCkniY,free
https://www.youtube.com/watch?v=6DdbWlq3UBI,free
https://www.youtube.com/watch?v=dENyn2Rrngo,free
https://www.youtube.com/watch?v=LDZ7JiNh9fY,free
https://www.youtube.com/watch?v=BpEpF31x_DA,free
https://www.youtube.com/watch?v=sC78I77Bza0,free
https://www.youtube.com/watch?v=cwRpKIGXrIQ,free
https://www.youtube.com/watch?v=93CROTDvSJY,free
https://www.youtube.com/watch?v=bPnG_yRs7h0,free
https://www.youtube.com/watch?v=Rmd6nfgcufo,free
https://www.youtube.com/watch?v=zK9YPZTwzvY,free
https://www.youtube.com/watch?v=15scpiAuYg0,free
https://www.youtube.com/watch?v=0V3GenEmdcU,free
https://www.youtube.com/watch?v=UdwAWqrocN0,free
https://www.youtube.com/watch?v=NfgUdVmyUNc,free
https://www.youtube.com/watch?v=L7YcBaDhIq8,free
https://www.youtube.com/watch?v=FKPznXNm3y0,free
https://www.youtube.com/watch?v=cuO5wW8Ye8s,free
https://www.youtube.com/watch?v=zAbGwqJgUQ8,free
https://www.youtube.com/watch?v=ScF9lkACbLI&pp=0gcJCcEJAYcqIYzv,free
https://www.youtube.com/watch?v=OS7f7pa_BUY,free
https://www.youtube.com/watch?v=iRfM54StycA,free
https://www.youtube.com/watch?v=PLnLDFviVqo,free
https://www.youtube.com/watch?v=nEHkfyZlOp0,free
https://www.youtube.com/watch?v=sVyrcxi16jo,free
https://www.youtube.com/watch?v=4hJ-vjRM9e8,free
https://www.youtube.com/watch?v=CHOYdkRMtW8,free
https://www.youtube.com/watch?v=ZPQYGZr-WeM,free
https://www.youtube.com/watch?v=4ek-urQWwTA,free
https://www.youtube.com/watch?v=RWmMjtU8-Ic,free
https://www.youtube.com/watch?v=Qn3-Uw-_MD8,free
https://www.youtube.com/watch?v=zA3szlrSFsI,free
https://www.youtube.com/watch?v=oGDBvpdFhQA,free
https://www.youtube.com/watch?v=naMyt24in90,free
https://www.youtube.com/watch?v=BKAx3K70aiA,free
https://www.youtube.com/watch?v=gjBBoz6AIG8,free
https://www.youtube.com/watch?v=XxAr4SVy-lo&pp=0gcJCcEJAYcqIYzv,free
https://www.youtube.com/watch?v=mnA_l80qy1M&pp=0gcJCcEJAYcqIYzv,free
https://www.youtube.com/watch?v=eEJKF0cNQVQ,free
https://www.youtube.com/watch?v=1l0lXoOkbpA,free
https://www.youtube.com/watch?v=P3y6bD1_KCY,free
https://www.youtube.com/watch?v=2XOoxszdOWk,free
https://www.youtube.com/watch?v=OYDboMpA-a4,free
https://www.youtube.com/watch?v=BO5NBAMl7JA,free
https://www.youtube.com/watch?v=WSanovQYNuU,free
https://www.youtube.com/watch?v=xgW3KuUeHrE,free
https://www.youtube.com/watch?v=j768cGrKKDY,free
https://www.youtube.com/watch?v=bUaIniAJWyc&pp=0gcJCcEJAYcqIYzv,free
https://www.youtube.com/watch?v=OFodaSERAw0,free
https://www.youtube.com/watch?v=ObqfD2TBzx4,free
https://www.youtube.com/watch?v=oMbL7CNUuZo,free
https://www.youtube.com/watch?v=WaRT6Bn2N8o,free
https://www.youtube.com/watch?v=SrvzKGQB7m4,free
https://www.youtube.com/watch?v=4_oRJ7zs0cI,free
https://www.youtube.com/watch?v=u5I3J8tns6g,free
https://www.youtube.com/watch?v=AfVX52x0iXM,free
https://www.youtube.com/watch?v=zky7sXPubw4,free
https://www.youtube.com/watch?v=qxsao71QSzE,free
https://www.youtube.com/watch?v=KUbFjdOt7Fk,free
https://www.youtube.com/watch?v=N_u0q5ZtukQ,free
https://www.youtube.com/watch?v=sCZV2c76IDE,free
https://www.youtube.com/watch?v=Zyi5YkXy3Ew,free
https://www.youtube.com/watch?v=KnsL7xa3_Xs,free
https://www.youtube.com/watch?v=EPpGAzv-i-M,free
https://www.youtube.com/watch?v=nj-_rqyYKKc&pp=0gcJCcEJAYcqIYzv,free
https://www.youtube.com/watch?v=2jQdRhRFoHk,free
https://www.youtube.com/watch?v=lyQRa31Wnzw&pp=0gcJCcEJAYcqIYzv,free
https://www.youtube.com/watch?v=AB5i4T3XGmQ,free
https://www.youtube.com/watch?v=yOLU2MmbsGU,free
https://www.youtube.com/watch?v=b5ll6seFkXc&pp=0gcJCcEJAYcqIYzv,free
https://www.youtube.com/watch?v=OWzhg3LodTY,free
https://www.youtube.com/watch?v=g530IwwZEME,free
https://www.youtube.com/watch?v=JoC5zXLoKYs&pp=0gcJCcEJAYcqIYzv,free
https://www.youtube.com/watch?v=Iy_LPOHqGBs&pp=0gcJCcEJAYcqIYzv,free
https://www.youtube.com/watch?v=4mFjWa53PY8,free
https://www.youtube.com/watch?v=UDBc3S4iUB0,free
https://www.youtube.com/watch?v=UIiLXRLgVo4,free
https://www.youtube.com/watch?v=dwmmbRicGZE,free
https://www.youtube.com/watch?v=gyR9S1_IzOI,free
https://www.youtube.com/watch?v=FxVrYhf31fk,free
https://www.youtube.com/watch?v=mvNfRtXixnA,free
https://www.youtube.com/watch?v=cCo7S10OOGc,free
https://www.youtube.com/watch?v=NfQxaIiuZrQ&pp=0gcJCcEJAYcqIYzv,free
https://www.youtube.com/watch?v=O1d6OmppPs4&pp=0gcJCcEJAYcqIYzv,free
https://www.youtube.com/watch?v=P10pmzShtGk,free
https://www.youtube.com/watch?v=jInB-8CI_XI,free
https://www.youtube.com/watch?v=OGQ5rRBdtrg,free
https://www.youtube.com/watch?v=MNmenTsi6Bo,free
https://www.youtube.com/watch?v=4_TZEdp9YwI,free
https://www.youtube.com/watch?v=7j2Cu5pPrBE,free
https://www.youtube.com/watch?v=GNZO_90Wmio,free
https://www.youtube.com/watch?v=e95hSmXt_Zc,free
https://www.youtube.com/watch?v=ibdess8rzdg&pp=0gcJCcEJAYcqIYzv,free
https://www.youtube.com/watch?v=NrRLgrHw_ps,free
https://www.youtube.com/watch?v=KLeLcTC0Xeg,free
https://www.youtube.com/watch?v=e5qrUgX88xY,free
https://www.youtube.com/watch?v=AVkrt7aVfh4,free
https://www.youtube.com/watch?v=_mGqt-mBBo0,free
https://www.youtube.com/watch?v=1n_DfIDjrME,free
https://www.youtube.com/watch?v=z_ww97v3pcI,free
https://www.youtube.com/watch?v=9xHZlA7RJ70,free
https://www.youtube.com/watch?v=9jnYpM1G_5E,free
https://www.youtube.com/watch?v=piLl51Venv4,free
https://www.youtube.com/watch?v=2rR26If4zz4&pp=0gcJCcEJAYcqIYzv,free
https://www.youtube.com/watch?v=h1t2X7kv25Y,free
https://www.youtube.com/watch?v=VYk1NlnxcIs,free
https://www.youtube.com/watch?v=uK5PqzNth4c,free
https://www.youtube.com/watch?v=wov1jOF2ToM,free
https://www.youtube.com/watch?v=RbGeGTUTSDU,free
https://www.youtube.com/watch?v=OShQwMO6Dv8,free
https://www.youtube.com/watch?v=wBCG1O2XEhc&pp=0gcJCcEJAYcqIYzv,free
https://www.youtube.com/watch?v=PD3LfAOMbcc,free
https://www.youtube.com/watch?v=gAJ2nUe5wRo&pp=0gcJCcEJAYcqIYzv,free
https://www.youtube.com/watch?v=sFT3elnbAj4,free
https://www.youtube.com/watch?v=kbM6PW0_o-w,free
https://www.youtube.com/watch?v=UwbEMaiDUxc&pp=0gcJCcEJAYcqIYzv,free
https://www.youtube.com/watch?v=mqTUe3d8_W8,free
https://www.youtube.com/watch?v=BeVL_FiS1qc,free
https://www.youtube.com/watch?v=U54vhnmPbc4,free
https://www.youtube.com/watch?v=LSETAZ3fMnM,free
https://www.youtube.com/watch?v=v9hw3CVqMmU,free
https://www.youtube.com/watch?v=e2eIoBoeme0&pp=0gcJCcEJAYcqIYzv,free
https://www.youtube.com/watch?v=XJWDRv3yFe0,free
https://www.youtube.com/watch?v=VuurZQnQvlM,free
https://www.youtube.com/watch?v=0x1NocpLOU0,free
https://www.youtube.com/watch?v=zjzlA-06XdU,free
https://www.youtube.com/watch?v=QNVm_STd7PA,free
https://www.youtube.com/watch?v=BU-vxrS4AWw,free
https://www.youtube.com/watch?v=4l_ZvtOeM0E,free
https://www.youtube.com/watch?v=wJ580gxGkG0,free
https://www.youtube.com/watch?v=yqu5mKddeD4,free
https://www.youtube.com/watch?v=N4NvLS-dKv4,free
https://www.youtube.com/watch?v=ahJg__FXFIg,free
https://www.youtube.com/watch?v=2vk-JngQxwA,free
https://www.youtube.com/watch?v=7ZssxeScC7w,free
https://www.youtube.com/watch?v=X8y-oUs6hoQ,free
https://www.youtube.com/watch?v=D8Uvo_9L3z4,free
https://www.youtube.com/watch?v=4do542CirbQ,free
https://www.youtube.com/watch?v=j6MPz4eHuNY&pp=0gcJCcEJAYcqIYzv,free
https://www.youtube.com/watch?v=Gzbv-fhMlYk,free
https://www.youtube.com/watch?v=qTYV4cgkrlo,free
https://www.youtube.com/watch?v=AGqEaeSRAYY,free
https://www.youtube.com/watch?v=0_ZC6uWhV_0,free
https://www.youtube.com/watch?v=FMvbrh--R9A,free
https://www.youtube.com/watch?v=oUJ5h_9kW8U,free
https://www.youtube.com/watch?v=QmOa5Uy5M2I,free
https://www.youtube.com/watch?v=BPH3-2kpv3k,free
https://www.youtube.com/watch?v=QtODqQpK6H8,free
https://www.youtube.com/watch?v=6vmgjJp7CDE,free
https://www.youtube.com/watch?v=7Ko3a9ooJjI,free
https://www.youtube.com/watch?v=kDuMApvI8jM,free
https://www.youtube.com/watch?v=be3qKvKe-iA,free
https://www.youtube.com/watch?v=iZozzSiunxI,free
https://www.youtube.com/watch?v=U47LLgNNVJA,free
https://www.youtube.com/watch?v=8k7QCHCbihQ,free
https://www.youtube.com/watch?v=dwkOMpO682c,free
https://www.youtube.com/watch?v=4-s8KATcg3c,free
https://www.youtube.com/watch?v=1vqPLpiXRmA,free
https://www.youtube.com/watch?v=dxPTiklhmHE&pp=0gcJCcEJAYcqIYzv,free
https://www.youtube.com/watch?v=KR2_70Ku4fc,free
https://www.youtube.com/watch?v=SB5cBfbizos,free
https://www.youtube.com/watch?v=z2u9ltPuURA,free
https://www.youtube.com/watch?v=MNI4QniHZE8,free
https://www.youtube.com/watch?v=8RO1h04EjWA,free
https://www.youtube.com/watch?v=ASKTEU_lus8,free
https://www.youtube.com/watch?v=t64Z-CH6gYQ,free
https://www.youtube.com/watch?v=kEG3mLjA4EI,free
https://www.youtube.com/watch?v=vtIRdT9oIck,free
https://www.youtube.com/watch?v=ewQkTd9OrXw,free
https://www.youtube.com/watch?v=8RmduEdy3Ww,free
https://www.youtube.com/watch?v=HuCi0_5_BHo,free
https://www.youtube.com/watch?v=AMsUYi4NurU&pp=0gcJCcEJAYcqIYzv,free
https://www.youtube.com/watch?v=m7VCQzn2keI,free
https://www.youtube.com/watch?v=J3QJQOdWFy4,free
https://www.youtube.com/watch?v=iUS78NtN_ZA,free
https://www.youtube.com/watch?v=ATaYHf5Agws,free
https://www.youtube.com/watch?v=XQfSkrO1G7U,free
https://www.youtube.com/watch?v=No-Loy_4C8w&pp=0gcJCcEJAYcqIYzv,free
https://www.youtube.com/watch?v=eAaVOT3EjaU,free
https://www.youtube.com/watch?v=4ZKkfYcYfQ8,free
https://www.youtube.com/watch?v=FFAE9MyVpHs,free
https://www.youtube.com/watch?v=3h4mbBctbh0,free
https://www.youtube.com/watch?v=htSkoc4xJug,free
https://www.youtube.com/watch?v=gliz3ebvAH8,free
https://www.youtube.com/watch?v=fCg7m8IhzKM,free
https://www.youtube.com/watch?v=-ZfIkPQ8fbM&pp=0gcJCcEJAYcqIYzv,free
https://www.youtube.com/watch?v=jj0INN3QsOU,free
https://www.youtube.com/watch?v=rIpkRU7B3x4,free
https://www.youtube.com/watch?v=W-A-3nUSZCI,free
https://www.youtube.com/watch?v=ZB7CKKkxlq0,free
https://www.youtube.com/watch?v=DXCeu8EmMqM,free
https://www.youtube.com/watch?v=sz5DTLbAxc8,free
https://www.youtube.com/watch?v=4RjyqVyDq_g,free
https://www.youtube.com/watch?v=aIhR9DizWRA,free
https://www.youtube.com/watch?v=XpvLzmiQUl4,free
https://www.youtube.com/watch?v=ejEJYxBhnIY,free
https://www.youtube.com/watch?v=BqI4qF1EEUw,free
https://www.youtube.com/watch?v=DiVd0uhA2dY,free
https://www.youtube.com/watch?v=Cp_BcBLyofk,free
https://www.youtube.com/watch?v=wofoLExET5k,free
https://www.youtube.com/watch?v=L2SJFGSn3Hc,free
https://www.youtube.com/watch?v=OOB9C4DWq0M,free
https://www.youtube.com/watch?v=R9FcIkxA9UY,free
https://www.youtube.com/watch?v=8kpWTEJPAtw,free
https://www.youtube.com/watch?v=CkhXsVx6Xis,free
https://www.youtube.com/watch?v=1fufVfeteQk,free
https://www.youtube.com/watch?v=B0GJtMXR_do,free
https://www.youtube.com/watch?v=WZ8qIepscA0,free
https://www.youtube.com/watch?v=NzP6TavLm3Q,free
https://www.youtube.com/watch?v=J5geBDD26bE,free
https://www.youtube.com/watch?v=aGl0D-5yE8I,free
https://www.youtube.com/watch?v=TNe-hqdqEfQ,free
https://www.youtube.com/watch?v=D6N1E3Kffzk,free
https://www.youtube.com/watch?v=fQ9acDLDql0,free
https://www.youtube.com/watch?v=pc1dZ4VxdII&pp=0gcJCcEJAYcqIYzv,free
https://www.youtube.com/watch?v=ANYhAe5pd4I,free
https://www.youtube.com/watch?v=V8DF9MQfUlQ,free
https://www.youtube.com/watch?v=twZpyRM_9jQ,free
https://www.youtube.com/watch?v=OyTh6sVsBEM,free
https://www.youtube.com/watch?v=9V11hNXDJ24,free
https://www.youtube.com/watch?v=t7xc68Eb2ZE,free
https://www.youtube.com/watch?v=KhOXc3K5X0g,free
https://www.youtube.com/watch?v=AyxFfH5xO-0,free
https://www.youtube.com/watch?v=k4hDUNtLXwQ,free
https://www.youtube.com/watch?v=z7eC-oHMiXI&pp=0gcJCcEJAYcqIYzv,free
https://www.youtube.com/watch?v=cVkA6czjR_g,free
https://www.youtube.com/watch?v=0yjr42LcRTw&pp=0gcJCcEJAYcqIYzv,free
https://www.youtube.com/watch?v=SQG0PIQco1c,free
https://www.youtube.com/watch?v=bqZDeSjai-Q,free
https://www.youtube.com/watch?v=jAugLiyHu5o,free
https://www.youtube.com/watch?v=bB2gJ8f0WvA,free
https://www.youtube.com/watch?v=iqZO9gBPZkw,free
https://www.youtube.com/watch?v=3sI4n2arDZA,free
https://www.youtube.com/watch?v=bUZbJVcLjXQ,free
https://www.youtube.com/watch?v=aiQu-o94i-E,free
https://www.youtube.com/watch?v=K5N29SBt1PY,free
https://www.youtube.com/watch?v=FNuYAwx0Jv0,free
https://www.youtube.com/watch?v=eiUrqJoBgzk,free
https://www.youtube.com/watch?v=KXV0DX2UGNE,free
https://www.youtube.com/watch?v=_yrVgpLFrpo,free
https://www.youtube.com/watch?v=fwBMxJLsPxc&pp=0gcJCcEJAYcqIYzv,free
https://www.youtube.com/watch?v=QA6oWo7RYzc,free
https://www.youtube.com/watch?v=RH-UEM2V2jA,free
https://www.youtube.com/watch?v=72Iaccf9_gk,free
https://www.youtube.com/watch?v=ZAWcRGxMKy4,free
https://www.youtube.com/watch?v=9dQlw_vpXDw,free
https://www.youtube.com/watch?v=JyN0wjQ29io,free
https://www.youtube.com/watch?v=AKZ1AKpVGVQ&pp=0gcJCcEJAYcqIYzv,free
https://www.youtube.com/watch?v=26PZT5jBV_I,free
https://www.youtube.com/watch?v=BlZjF7l0XCo,free
https://www.youtube.com/watch?v=TLByBovnPDY,free
https://www.youtube.com/watch?v=xkFXJvSm0zc,free
https://www.youtube.com/watch?v=I0gJIn0vRwo&pp=0gcJCcEJAYcqIYzv,free
https://www.youtube.com/watch?v=kxwH-uWIFHw,free
https://www.youtube.com/watch?v=X5P6o9SdK6w,free
https://www.youtube.com/watch?v=ZubOJgWwYqY,free
https://www.youtube.com/watch?v=FODXeENnlMs,free
https://www.youtube.com/watch?v=dbNf97OVw24&pp=0gcJCcEJAYcqIYzv,free
https://www.youtube.com/watch?v=57w840V4knY,free
https://www.youtube.com/watch?v=3yTpPpYt5Ck,free
https://www.youtube.com/watch?v=kIA8BiPZcaY,free
https://www.youtube.com/watch?v=7YAHBIzVD3M,free
https://www.youtube.com/watch?v=rGQeHON-OQI,free
https://www.youtube.com/watch?v=UszqVp0btjA,free
https://www.youtube.com/watch?v=Ye0BhU2mHug,free
https://www.youtube.com/watch?v=Qr1F5StKQhA,free
https://www.youtube.com/watch?v=huVnNPTNTo8,free
https://www.youtube.com/watch?v=os9imHAIzig,free
https://www.youtube.com/watch?v=yXxUDy1vW0o&pp=0gcJCcEJAYcqIYzv,free
https://www.youtube.com/watch?v=RJ1tn9-Z-oY,free
https://www.youtube.com/watch?v=4s5RkgJGSd0,free
https://www.youtube.com/watch?v=R-AZuK1ZAf0,free
https://www.youtube.com/watch?v=ntir9fyL3R0,free
https://www.youtube.com/watch?v=qG2N4bhrE1U,free
https://www.youtube.com/watch?v=ierG7qgkyOQ,free
https://www.youtube.com/watch?v=zvMvmzUyXRs,free
https://www.youtube.com/watch?v=vVwnyOQUJIc&pp=0gcJCcEJAYcqIYzv,free
https://www.youtube.com/watch?v=hwX-dBCwnrk,free
https://www.youtube.com/watch?v=OgVCNkHrVEg,free
https://www.youtube.com/watch?v=ZQWrl4PMSrc,free
